metric,f_statistic,p_value,significant,eta_squared,effect_size
mean_days_between_orders,147106.08911628067,0.0,Yes,0.707765662869263,Large
cv_days_between_orders,20279.570527959884,0.0,Yes,0.25030562160495,Large
unique_products,12911.868979218776,0.0,Yes,0.17531024799399547,Large
unique_aisles,9096.426264155996,0.0,Yes,0.1302539400817657,Medium
reorder_consistency,2491.996543853042,0.0,Yes,0.03941058035364875,Small
avg_basket_size,1512.1831171929682,0.0,Yes,0.02429137644011086,Small
mean_order_hour,344.6664058415834,3.2580826732273473e-223,Yes,0.005642468183002963,Negligible
