metric,f_statistic,p_value,eta_squared
loyalty_score,148340.65567955055,0.0,0.7094912329143651
freq_score,52335.47684958716,0.0,0.46283803161447473
