segment,freq_score,loyalty_score,avg_basket_size,unique_products
Champions,42.13125708657195,1.363548842444111,0.2346195863577654,0.3098966278208225
Frequent Explorers,12.54707176562387,-1.3703383261764492,-0.25718449452547304,-0.3892573674182379
Loyal Occasionals,-12.948886325192134,1.490617099990998,0.07592505903017728,0.9706243763489496
At Risk,-7.682434990005225,-1.4254475770209651,-0.2431847926278943,-0.4964392727657625
Average,1.4136262956425185,-0.18856646008817698,-0.011891800992432153,-0.10659233250242144
