segment,days_between,loyalty,avg_basket_size,unique_products
Champions,-0.883033728599459,0.9434476154847958,0.08996371486732316,0.5634070341247777
Frequent Explorers,-0.6813437863699207,-0.727701237088762,-0.1266207316425795,-0.09293448543930043
Loyal Occasionals,0.703739010239715,0.5935388133923343,0.07735235801400145,-0.315045579123278
At Risk,0.9321434058247035,-0.8866826706783846,-0.06481354871783397,-0.3851892770171816
