segment,count,percentage,avg_frequency_score,avg_loyalty_score
Champions,61317,33.64942954511779,0.11374435103301804,0.6532221758571415
Frequent Explorers,30055,16.49352716177431,0.09913499757174782,0.3165108038325778
Loyal Occasionals,29851,16.381576420100647,0.050930168174070777,0.58251520436731
At Risk,61000,33.47546687300725,0.04743208515480046,0.2849133989741196
