segment,count,percentage,avg_days_between,avg_loyalty_pct
Champions,62268,34.171317561449435,-0.8830337285994592,94.34476154847958
Frequent Explorers,31142,17.09004900588839,-0.6813437863699207,-72.7701237088762
Loyal Occasionals,28823,15.817432486568656,0.7037390102397149,59.353881339233425
At Risk,59990,32.92120094609352,0.9321434058247035,-88.66826706783846
