segment,freq_score,loyalty_score,avg_basket_size,unique_products
Champions,0.11374435103301804,0.6532221758571415,10.045531561762381,103.07536246065528
Frequent Explorers,0.09913499757174782,0.31651080383257774,8.19789410090723,64.77621028115122
Loyal Occasionals,0.050930168174070777,0.58251520436731,9.536866036296564,52.41218049646578
At Risk,0.04743208515480046,0.2849133989741196,8.295472419555932,48.02472131147541
