metric,median_relative_gap_pct
loyalty_score,0.07793928618689835
freq_score,0.12830160247643022
avg_basket_size,0.29778713293182674
unique_products,0.5485767200070937
