segment,count,pct,freq,loyal
Champions,10317,5.661744126701898,42.13125708657195,1.363548842444111
Frequent Explorers,3878,2.1281616480905265,12.54707176562387,-1.3703383261764492
Loyal Occasionals,16416,9.008742035857164,-12.948886325192134,1.4906170999909978
At Risk,3747,2.0562717110353796,-7.682434990005224,-1.4254475770209651
Average,147865,81.14508047831504,1.4136262956425183,-0.18856646008817698
