metric,percentile,value
freq,p20,0.3081099714767218
freq,p80,1.6952609678303001
loyal,p20,-0.9271788619776653
loyal,p80,0.9391191778661777
