metric,percentile,value
frequency,p20,0.3081099714767218
frequency,p80,1.6952609678303001
loyalty,p20,-0.9271788619776653
loyalty,p80,0.9391191778661777
