metric,percentile,value
frequency,p20,0.045454545454545456
frequency,p50,0.06521739130434782
frequency,p80,0.10526315789473684
loyalty,p20,0.2764227642276423
loyalty,p50,0.4634146341463415
loyalty,p80,0.6515987498497415
