reorder_ratio,reorder_consistency,pct_reordered_products,mean_days_between_orders,cv_days_between_orders,mean_order_hour,std_order_hour,avg_basket_size,std_basket_size,min_basket_size,max_basket_size,basket_size_cv,unique_products,unique_aisles
0.3458570241523064,-0.309226216503931,0.23826640017831818,-0.3089518930041979,0.11218254628187511,0.009995390415511693,0.03348214971552964,0.8589812878132229,0.7033786644077816,0.4567358525030998,0.8779174511286729,-0.20054524080706795,0.8039157715871492,0.842164564627576
-0.25076614604228314,0.22642458023029732,-0.17318595624502178,0.22577678102023815,-0.08369725006475476,-0.004097772300939948,-0.02160798532134592,-0.6152653479374547,-0.501373020287505,-0.32689959256459,-0.6299205985528864,0.14701436623488312,-0.5824521071956608,-0.608445732313777
