k,silhouette,calinski_harabasz,davies_bouldin,min_cluster_pct,max_cluster_pct
2,0.1944464077678944,15965.234904962972,1.8033590331027252,38.269999999999996,61.73
3,0.15488708585072455,12648.828764445308,1.9578928936016595,31.701666666666668,36.03666666666667
4,0.1481514265570639,10940.766170605544,1.9398076065823746,16.181666666666665,31.31
5,0.1384990261719258,9823.309169536531,1.8920029138312628,13.656666666666666,26.861666666666668
6,0.13231989933896252,9086.134578093723,1.7831572966308562,12.486666666666666,24.078333333333333
7,0.12928210839797788,8394.797943401563,1.7654186335076936,9.296666666666667,21.735
8,0.12375179649926055,7791.438185868393,1.7646891309835486,6.936666666666666,20.038333333333334
9,0.11883618973457108,7355.8330303628445,1.7566544738578564,6.535,16.301666666666666
10,0.11646678990096382,6914.6912997569125,1.7522234467438758,5.668333333333334,15.035000000000002
